{"inputUnits":[34],"outputUnits":1,"inputs":{"0":{"dtype":"number","min":29.69180808456955,"max":615.0561179075723},"1":{"dtype":"number","min":40.58650191192034,"max":258.7744995592169},"2":{"dtype":"number","min":53.389076796950995,"max":646.5642752443306},"3":{"dtype":"number","min":12.954612167892748,"max":253.56757969243984},"4":{"dtype":"number","min":-0.6056780759462587,"max":586.3529071733645},"5":{"dtype":"number","min":8.553048812925582,"max":252.35117277746537},"6":{"dtype":"number","min":73.577605963681,"max":681.4293626124756},"7":{"dtype":"number","min":29.400483958915984,"max":257.3618491799915},"8":{"dtype":"number","min":-35.7265226015321,"max":585.1961377808092},"9":{"dtype":"number","min":27.97573579424551,"max":253.39565410688232},"10":{"dtype":"number","min":46.287105575145915,"max":659.8462127804293},"11":{"dtype":"number","min":115.6961487053897,"max":294.18324273847884},"12":{"dtype":"number","min":-28.014590489725194,"max":609.6821077695616},"13":{"dtype":"number","min":124.23545926461424,"max":285.8968017815616},"14":{"dtype":"number","min":28.320602238874027,"max":623.3132697079433},"15":{"dtype":"number","min":169.78233842070466,"max":431.4384038902906},"16":{"dtype":"number","min":-8.651053580792498,"max":581.0257041129621},"17":{"dtype":"number","min":166.1164547218887,"max":410.2791942789397},"18":{"dtype":"number","min":-16.059337571437258,"max":583.0771099639774},"19":{"dtype":"number","min":95.56114107718264,"max":551.9960787880746},"20":{"dtype":"number","min":-18.310673932620986,"max":570.0491629871414},"21":{"dtype":"number","min":83.20803393649683,"max":553.8418685972458},"22":{"dtype":"number","min":-14.913863245151386,"max":654.9108708600589},"23":{"dtype":"number","min":207.401932890777,"max":547.0457963164215},"24":{"dtype":"number","min":-10.627900951103477,"max":652.8890124369225},"25":{"dtype":"number","min":205.04187676693215,"max":546.6771534723067},"26":{"dtype":"number","min":1.4868676152210756,"max":610.0718979891172},"27":{"dtype":"number","min":219.55140347610654,"max":558.3032900442873},"28":{"dtype":"number","min":-4.051016425344267,"max":632.1523091950769},"29":{"dtype":"number","min":221.9610429459509,"max":558.2772001867628},"30":{"dtype":"number","min":-6.510560150740211,"max":632.3183942861594},"31":{"dtype":"number","min":284.6694471307302,"max":559.9986602545712},"32":{"dtype":"number","min":-6.036325892585725,"max":637.3256954052105},"33":{"dtype":"number","min":278.88081550598145,"max":562.3632195023711}},"outputs":{"0":{"dtype":"number","min":9,"max":100}},"isNormalized":true}